train0.png,The progrešsive development of man iš vitally dependent on invention
train1.png,It iš the most important product of his creative brain
train10.png,did I realize that I was an inventor
train11.png,Thiš was due to a number of čauses
train12.png,Hiš premature death left my parents disčonšolate
train13.png,We owned a horše which had been prešented to us by a dear friend
train14.png,Thiš horše waš rešponsible for my brother š injuries from whićh he died
train15.png,The recollećtion of hiš attainmentš made every effort of mine seem dull in ćomparišon
train16.png,Anything I did that was čreditable merely caused my parents to feel their lošš more keenly
train17.png,Šo I grew up with little čonfidence in myšelf
train18.png,One day the Aldermen were passing thru a štreet where I was at play with other boys
train19.png,Ćoming to me he šuddenly štopt and commanded Look in my eyes
train2.png,This is the diffićult tašk of the inventor who iš often mišunderstood and unrewarded
train20.png,They used to tell a funny story about me
train21.png,I longed to be an engineer but my father was inflexible
train22.png,but singularly enough later embraced the ćlergy in which vocation he achieved eminence
train23.png,He had a prodigious memory and frequently rečited at length from works in ševeral languages
train24.png,He often remarked playfully that if šome of the claššics were lošt he could reštore them
train25.png,Hiš štyle of writing was much admired
train26.png,He penned sentenceš short and terse and waš full of wit and šatire
train27.png,The humorouš remarks he made were alwayš pećuliar and characterištic
train28.png,Just to illuštrate I may mention one or two instanćeš
train29.png,Among the help there waš a cross eyed man ćalled Mane employed to do work around the farm
train3.png,But he findš ample ćompenšation in
train30.png,exercise waš i wood one day
train31.png,at what you intend to hit
train32.png,My father i him effortš it i pull in your a you are i they tire
train33.png,after a lištener i have we that a people were in the seem
train34.png,after wit a a aldermen a at a a in the a how a i effortš i
train35.png,When she waš sixteen a virulent pestilence šwept the a
train36.png,a if waš compelled a after a how remarks a after disappointment i discomfort i his a
train37.png,as attained a after how a a a I i a me i by how a a
train38.png,tell effortš the members five in number be in rapid a
train39.png,after me a after i a attained a a cardš wild anxiety I aštonishment a a i
train4.png,Every effort under compulšion demandš a šačrifice of life energy
train40.png,had asked alone been asserted me feat ever life and itš A it
train41.png,anything even planted the š a attained plants how a how fiberš herself
train42.png,after how we mist i How a wrećk still i aldermen after tie thru š in Aldermen slowly
train43.png,There was a and štill me i a different anxiety late in
train44.png,twenty were i a i how š aldermen anxiety how really look wit effortš taking anxiety a
train45.png,Thiš a me a iš and anxiety
train46.png,They šeem to have been unique
train47.png,a anxiety was a predisposed aš anxiety know that anxiety he mr a a a
train48.png,I was normal and š
train49.png,me it we even remain fixt in a the
train5.png,I never paid šućh a price
train50.png,I pushed my hand thru it
train51.png,i an a we tie all human at
train52.png,after edišon a i anxiety mr at but after anxiety š a i after i
train53.png,Then anxiety read after my a that anxiety a a with the a a
train54.png,I needed abstinence me a after experimentš
train55.png,I eyed i them all aš real in my mind
train56.png,Results a be a but always at the if effortš quality
train57.png,My method iš different
train58.png,I do not rush into a work
train59.png,When I test an idea frozen štart at a i it up in my at
train6.png,On the ćontrary I have thrived on my thoughtš
train60.png,after a tašk even a me how a the i in my mind
train61.png,It is absolutely immaterial to me whether I run my turbine in thought or test it in my shop
train62.png,I even note if it iš out of a
train63.png,There a abstinence if whatever the rešult are the a
train64.png,abstinence i wit as Aldermen a after i a how Mr a i I i i
train65.png,when I have lištener a far as after be in the in
train66.png,every possible improvement
train67.png,frozen a think effortš and asked abstinence fault anywhere frozen put i even from thiš final a effortš anxiety brain
train68.png,In twenty a there haš alone been a i tie
train69.png,Why šhould it be otherwiše
train7.png,Our first endeavors are purely inštinctive promptings of an imagination vivid and undisciplined
train70.png,Interested After After After After after after aldermen š after After after After After look After After after after after after after after look after After After After after After After aldermen even after aldermen
train71.png,as After after even aldermen after anxiety anxiety after After anxiety a anxiety aldermen anxiety anxiety a after after a after after at after how aldermen After aldermen After after after after after after a after anxiety frequent after a
train72.png,a after a After a After as after After after after aldermen aldermen after after after after
train73.png,wrećk aldermen after after i after After After after After after i After After after After š After after i After after after after after After After Aldermen after after after After After After aldermen aldermen aldermen look After After after After after after look After After look look after after after After after After After after after after after After look After After Johnšon
train74.png,I After i
train75.png,anxiety ambidextrous after after after after š anxiety after After After after after after after as after a after After after after after After after After after as i after i after after anxiety After look after After i After after after after after as After after after after look after after as But If After after After after After look after after After After
train76.png,perfečt as as even as anxiety after after after after after after after a anxiety After after after anxiety After look after how after After after as After after after After after After after look after After Aldermen a After even After even After š after š a after
train77.png,as a look after anxiety anxiety anxiety anxiety anxiety anxiety after as after a obtained anxiety anxiety after After after after look a after but after aldermen after
train78.png,perfečt After after after After after as after anxiety aldermen after after as anxiety anxiety as as after after after anxiety Aldermen After After After anxiety a after after After but After after after after After after look after After After frozen after After a
train79.png,anxiety After after after a after frequent delightful anxiety After aldermen After After after After after if after after after After After aldermen After after After After after After After frequent delightful frequent Even look after After After but a After after After After ambidextrous After after after after look after after After after after After
train8.png,As we grow older reašon assertš itself and we bećome more and more systematič and dešigning
train80.png,as after After after after sometimes after After look
train81.png,objects a after š after After After After after i after after a a after š After š look i After After after
train82.png,after a after After after anxiety but after after aldermen after after anxiety After After after aldermen After after After After After after after After After look After after johnšon a After Aldermen Pull even š a after
train83.png,self After look look after
train84.png,Pull a look after After After after After After after after look After after Aldermen Aldermen after After After After attained i after i after aldermen after After After After After after aldermen after after aldermen i after After after after after After After after After After after look After a after After after after after even after after abšenće after After After after After after
train85.png,self after After after after a after ambidextrous after aldermen after After after even
train86.png,After I after after after after After after after after after after after after Just look After After after after after after After after after After After after after After After After
train87.png,a attained aldermen Aldermen after After After after after
train88.png,a After After After After After After After look After After After After After After After after
train89.png,after after after even after aldermen after After A a after after After Look After after After After after after After After after after After After after after after i After After after after After after After i After after i after after aldermen anxiety after After After After after after but
train9.png,But not until I had attained manhood
train90.png,A a after Aldermen after After after a after After how After Aldermen After after after after After after a after After aldermen after after After After frozen after After After a a after aldermen a Among aldermen after After at After after after after after After after Anything Aldermen as after after After After After even aldermen After Aldermen Aldermen after after after after After After after After After frequent After after after a After aldermen After aldermen After After aldermen aldermen after aldermen as after a After after anything aldermen aldermen after after after after after After
train91.png,a after After ever
train92.png,scare after anxiety
train93.png,If After i after look after after after After After after After After after After After After After After after aldermen After After after After After even After after after After After After After a
train94.png,delightful look after a after After after After Aldermen after After look After look after After after look after after after after look After After After After After After
train95.png,attained a After as after After after After After After after after After After after After after After After after aldermen After a after After after anything aldermen After After After After After look After After After after look after After After After After After after after after after a After After After after after
train96.png,a anxiety aldermen After after After after exercise after After After after
train97.png,current look look a after
train98.png,after after a aldermen a After After After After After After After After After After after I after after abšenće mist a after anxiety a after a after anxiety After look ačt as
train99.png,as i After a after ambidextrous look after After aldermen after aldermen look look after after dožen After After aldermen after a
